"Symbol","Data","Cap","Float"
"A","Y",40280,304.48
"AA","Y",6190,185.17
"AAN","Y",852.35,33.72
"AAP","Y",12370,64.87
"AAT","Y",2060,59.56
"AB","Y",3890,96.31
"ABB","Y",70690,2010
"ABBV","Y",189870,1760
"ABC","Y",24330,147.41
"ABEV","Y",45010,4400
"ABG","Y",4110,19.08
"ABM","Y",3520,66.19
"ABR","Y",2190,118.97
"ABT","Y",219880,1760
"AC","Y",767.09,3.22
"ACA","Y",3010,47.98
"ACB","Y",1620,196.81
"ACC","Y",6120,136.47
"ACCO","Y",825.9,91.78
"ACEL","Y",1100,50.77
"ACH","Y",10700,429.49
"ACM","Y",9930,145.94
"ACN","Y",189380,634.62
"ACP","Y",215.81,NA
"ACRE","Y",571.01,30.26
"ACV","Y",345.72,NA
"ADC","Y",4390,61.89
"ADM","Y",32680,554.2
"ADNT","Y",4220,93.19
"ADS","Y",5280,48.07
"ADT","Y",7500,691.67
"ADX","Y",2120,109.35
"AEB","Y",NA,NA
"AEE","Y",21230,246.05
"AEG","Y",9730,1800
"AEL","Y",3030,85.77
"AEM","Y",15660,242.2
"AEO","Y",5840,154.58
"AER","Y",8460,123.22
"AES","Y",18870,663.17
"AFB","Y",413.64,NA
"AFC","Y",NA,NA
"AFG","Y",10120,69.11
"AFGB","Y",NA,NA
"AFGC","Y",NA,NA
"AFGE","Y",NA,NA
"AFI","Y",107.1,20.95
"AFL","Y",36400,640.82
"AFT","Y",236.56,NA
"AG","Y",3570,211.22
"AGCO","Y",11360,61.69
"AGD","Y",NA,NA
"AGI","Y",3420,391.06
"AGM","Y",1040,10.09
"AGO","Y",3470,76.21
"AGR","Y",16280,56.7
"AGRO","Y",1040,116.17
"AGS","Y",272.25,35.48
"AGX","Y",811.18,14.91
"AHC","Y",46.64,18.75
"AHH","Y",1090,58.16
"AHT","Y",229.07,100.47
"AI","Y",6240,67.91
"AIC","Y",NA,NA
"AIF","Y",219.13,NA
"AIG","Y",39920,858.46
"AIN","Y",2800,30.5
"AIO","Y",940.45,NA
"AIR","Y",1410,33.64
"AIT","Y",3620,38.32
"AIV","Y",944.54,147.49
"AIW","Y",NA,NA
"AIZ","Y",9130,58.26
"AIZP","Y",NA,NA
"AI","Y",6240,67.91
"AJG","Y",26260,191.76
"AJRD","Y",3870,75.65
"AJX","Y",260.48,20.13
"AJXA","Y",NA,NA
"AKR","Y",1750,85.64
"AL","Y",5560,106.91
"ALB","Y",18200,116.15
"ALC","Y",36870,488.94
"ALE","Y",3670,51.73
"ALEX","Y",1270,68.11
"ALG","Y",1880,11.55
"ALK","Y",8570,123.09
"ALL","Y",36710,299.85
"ALLE","Y",11780,90.3
"ALLY","Y",17920,371.48
"ALL","Y",36710,299.85
"ALSN","Y",4970,110.99
"ALUS","Y",358.28,28.46
"ALV","Y",8380,87.21
"ALX","Y",1460,2.11
"AL","Y",5560,106.91
"AM","Y",4180,313.88
"AMC","Y",4610,233.01
"AMCR","Y",18430,1550
"AME","Y",30560,229.05
"AMG","Y",6700,42.2
"AMH","Y",11150,270.78
"AMK","Y",1590,17.44
"AMN","Y",3570,46.57
"AMOV","Y",NA,NA
"AMP","Y",28620,115.6
"AMPY","Y",102.25,30.2
"AMRC","Y",2340,26.81
"AMRX","Y",1710,116.74
"AMT","Y",109890,442.76
"AMX","Y",47310,1710
"AN","Y",7960,77.45
"ANET","Y",23890,54.38
"ANF","Y",2430,61.11
"ANH","Y",NA,NA
"ANTM","Y",92230,242.95
"AOD","Y",1030,NA
"AON","Y",52710,225.53
"AOS","Y",10860,134.29
"AP","Y",129.83,11.37
"APAM","Y",4360,55.72
"APD","Y",62860,220.45
"APH","Y",40490,590.32
"APLE","Y",3350,218.21
"APO","Y",22280,176.74
"APRN","Y",108.83,11.95
"APTS","Y",522.96,48.73
"APTV","Y",38160,268.69
"AQN","Y",9610,598.3
"AQNA","Y",NA,NA
"AQNB","Y",NA,NA
"AQUA","Y",3410,118.42
"AR","Y",2870,224.23
"ARC","Y",95,35.98
"ARCH","Y",737.28,15
"ARCO","Y",1090,125.61
"ARD","Y",6290,18.66
"ARDC","Y",350.83,NA
"ARE","Y",23940,132.39
"ARES","Y",15280,102.29
"ARGD","Y",NA,NA
"ARGO","Y",1850,33.39
"ARI","Y",2050,138.94
"ARL","Y",135.69,15.44
"ARLO","Y",466.74,75.86
"ARMK","Y",9940,252.74
"ARNC","Y",2840,108.34
"AROC","Y",1450,128.49
"ARR","Y",813.69,63.58
"ARW","Y",8630,73.99
"ASA","Y",421.68,19.23
"ASB","Y",3300,149.46
"ASC","Y",134.23,32.98
"ASG","Y",381.85,NA
"ASGN","Y",5700,50.79
"ASH","Y",5430,56.31
"ASIX","Y",788.6,27.2
"ASPN","Y",491.38,25.91
"ASR","Y",5330,18.32
"ASX","Y",16380,1590
"AT","Y",270,85.56
"ATEN","Y",682.47,63.25
"ATGE","Y",2000,49.3
"ATH","Y",10390,126.69
"ATHM","Y",11990,66.93
"ATH","Y",10390,126.69
"ATI","Y",2830,125.55
"ATKR","Y",3400,46.17
"ATO","Y",12390,120.44
"ATR","Y",9820,64.45
"ATTO","Y",349.5,13.62
"ATUS","Y",10100,179.7
"AU","Y",8880,412.82
"AUY","Y",4580,959.83
"AVA","Y",3340,68.08
"AVAL","Y",6930,391.41
"AVB","Y",26390,139.21
"AVD","Y",626.58,26.65
"AVK","Y",634.92,NA
"AVLR","Y",12510,81.24
"AVNS","Y",2180,46.97
"AVTR","Y",18950,495.86
"AVY","Y",16480,82.88
"AVYA","Y",2480,82.02
"AWF","Y",1030,NA
"AWI","Y",4600,47.27
"AWK","Y",28630,180.3
"AWP","Y",534.65,NA
"AWR","Y",2950,36.51
"AX","Y",2770,52.78
"AXL","Y",1040,111.42
"AXO","Y",NA,NA
"AXP","Y",118180,802.38
"AXR","Y",71.79,3.1
"AXS","Y",4560,75.56
"AXTA","Y",7040,231.84
"AYI","Y",6170,35.56
"AYX","Y",5630,58.46
"AZO","Y",32520,21.96
"AZRE","Y",1190,44.74
"AZUL","Y",2280,89.96
"AZZ","Y",1280,24.91
"B","Y",2540,46.27
"BA","Y",144180,532.66
"BABA","Y",636290,2430
"BAC","Y",334390,8580
"BAF","Y",NA,NA
"BAH","Y",11500,135.56
"BAK","Y",7110,101.76
"BAM","Y",69350,1250
"BANC","Y",913.55,47.13
"BAP","Y",12730,67.11
"BAX","Y",43380,504.41
"BB","Y",4910,555.29
"BBAR","Y",836.1,69.23
"BBD","Y",37480,6340
"BBDC","Y",674.06,51.08
"BBDO","Y",NA,NA
"BBF","Y",NA,NA
"BBK","Y",NA,NA
"BBL","Y",173810,1040
"BBN","Y",1420,NA
"BBU","Y",3170,NA
"BBVA","Y",35590,6570
"BBW","Y",131.76,13.32
"BBY","Y",29570,229.43
"BC","Y",8000,77.25
"BCC","Y",2620,38.81
"BCE","Y",41970,904.01
"BCEI","Y",698.53,20.38
"BCH","Y",12290,384.32
"BCO","Y",3900,48.89
"BCS","Y",43230,4250
"BCSF","Y",1020,52.45
"BCX","Y",822.39,NA
"BC","Y",8000,77.25
"BDC","Y",1940,43.68
"BDJ","Y",1840,NA
"BDN","Y",2250,168.09
"BDX","Y",74350,288.64
"BE","Y",3580,132.31
"BEDU","Y",697.2,20.04
"BEN","Y",15270,288.52
"BEP","Y",11410,205.91
"BERY","Y",8430,131.51
"BEST","Y",545.63,58.58
"BFAM","Y",9960,59.9
"BFK","Y",671.76,NA
"BFS","Y",956.82,12.91
"BFY","Y",NA,NA
"BFZ","Y",456.65,NA
"BG","Y",11340,134.51
"BGB","Y",599.4,NA
"BGH","Y",328.05,NA
"BGIO","Y",205.97,NA
"BGR","Y",249.46,NA
"BGS","Y",1940,62.73
"BGSF","Y",139.27,10.01
"BGT","Y",281.72,NA
"BGX","Y",182.74,NA
"BGY","Y",653.93,NA
"BH","Y",424.34,0.23
"BHC","Y",10450,347.91
"BHE","Y",1080,35.9
"BHK","Y",836.53,NA
"BHLB","Y",1120,48.34
"BHP","Y",173730,1470
"BHR","Y",235.62,27.38
"BHV","Y",27.14,NA
"BHVN","Y",4650,49.54
"BIF","Y",1300,NA
"BIG","Y",2270,33.1
"BILL","Y",12890,78.31
"BIO","Y",18630,21.38
"BIP","Y",22750,285.54
"BIT","Y",689.57,NA
"BJ","Y",6030,133.75
"BK","Y",42780,874.75
"BKD","Y",1200,179.37
"BKE","Y",2100,29.43
"BKH","Y",4410,62.27
"BKI","Y",11470,151.9
"BKN","Y",316.28,NA
"BKR","Y",20640,684.71
"BKT","Y",388.52,NA
"BKU","Y",4050,92.09
"BK","Y",42780,874.75
"BLD","Y",7550,32.59
"BLE","Y",355.25,NA
"BLK","Y",124780,150.67
"BLL","Y",29670,325.12
"BLW","Y",605.9,NA
"BLX","Y",451.87,21.85
"BMA","Y",1310,26.28
"BME","Y",560.86,NA
"BMI","Y",2820,28.83
"BMO","Y",58670,642.65
"BMY","Y",144260,2210
"BNED","Y",343.42,34.39
"BNS","Y",74230,1210
"BNY","Y",188.15,NA
"BOE","Y",779.78,NA
"BOH","Y",3630,39.33
"BOOT","Y",1930,28.9
"BORR","Y",264.5,196.5
"BOX","Y",3440,153.98
"BP","Y",85530,3350
"BPMP","Y",1350,47.75
"BPT","Y",72.09,21.4
"BR","Y",17890,114.84
"BRBR","Y",941.9,39.36
"BRC","Y",2880,46.54
"BRFS","Y",3590,797.05
"BRMK","Y",1420,125.84
"BRO","Y",13860,237.11
"BRT","Y",312.58,13.6
"BRX","Y",6210,295.35
"BSAC","Y",12110,154.63
"BSBR","Y",25580,3730
"BSD","Y",NA,NA
"BSE","Y",NA,NA
"BSIG","Y",1900,78.95
"BSL","Y",217.39,NA
"BSM","Y",2050,148.18
"BSMX","Y",7710,664.01
"BST","Y",1460,NA
"BSTZ","Y",3020,NA
"BSX","Y",58000,1400
"BTA","Y",174.42,NA
"BTI","Y",87240,2280
"BTO","Y",722.93,NA
"BTT","Y",1820,NA
"BTU","Y",385.38,96.12
"BTZ","Y",1370,NA
"BUD","Y",115550,520.37
"BUI","Y",476.84,NA
"BURL","Y",21350,65.39
"BV","Y",1930,52.38
"BVN","Y",2550,251.45
"BW","Y",609.18,83.13
"BWA","Y",11530,237.68
"BWG","Y",204.86,NA
"BWXT","Y",6390,95.03
"BX","Y",95600,659.29
"BXC","Y",439.98,9.1
"BXG","Y",755.14,5.09
"BXMT","Y",4710,NA
"BXMX","Y",1460,NA
"BXP","Y",16570,155.44
"BXS","Y",3230,87.47
"BY","Y",842.06,23.53
"BYD","Y",7090,81
"BYM","Y",414.05,NA
"BZH","Y",644.28,29.71
"BZM","Y",31.24,NA
"C","Y",150700,2080
"CAAP","Y",788.36,28.57
"CABO","Y",10900,5.43
"CACI","Y",6540,24.75
"CADE","Y",2800,121.83
"CAE","Y",8380,282.38
"CAF","Y",497.59,NA
"CAG","Y",18180,475.15
"CAH","Y",17850,293.15
"CAI","Y",776.14,16.44
"CAJ","Y",31950,1030
"CAL","Y",872.18,36.21
"CALX","Y",2630,53.01
"CANG","Y",1050,25.4
"CAPL","Y",747.51,19.23
"CARS","Y",923.09,66.4
"CAT","Y",126270,542.24
"CATO","Y",289.26,18.05
"CB","Y",72420,449.44
"CBB","Y",784.06,49.72
"CBD","Y",1720,157.88
"CBH","Y",188.98,NA
"CBRE","Y",27680,333.1
"CBT","Y",3060,56.2
"CBU","Y",4160,52.82
"CBZ","Y",1800,51.88
"CC","Y",4910,163.51
"CCEP","Y",24930,199.76
"CCI","Y",78040,429.09
"CCJ","Y",6500,395.54
"CCK","Y",14580,132.06
"CCL","Y",30080,844.61
"CCM","Y",152.49,13.58
"CCO","Y",922.49,463.65
"CCS","Y",2150,29.34
"CCU","Y",3540,73.9
"CCX","Y",864.2,68.67
"CCZ","Y",NA,NA
"CDAY","Y",13680,145.07
"CDE","Y",2380,240.38
"CDR","Y",210.55,11.62
"CE","Y",17790,113.28
"CEA","Y",11920,193.13
"CEE","Y",163.16,NA
"CEIX","Y",339.72,30.01
"CEL","Y",NA,NA
"CELP","Y",25.42,4.35
"CEM","Y",340.1,NA
"CEN","Y",57.68,NA
"CEO","Y",NA,NA
"CEPU","Y",328.54,95.68
"CEQP","Y",2080,50.54
"CF","Y",10070,212.76
"CFG","Y",18900,423.14
"CFR","Y",7140,56.25
"CFX","Y",6020,100.51
"CGA","Y",88.4,4.4
"CHCT","Y",1190,21.93
"CHD","Y",21330,24.78
"CHE","Y",7510,15.53
"CHGG","Y",12600,126.88
"CHH","Y",6130,34.04
"CHMI","Y",161.07,16.91
"CHN","Y",303.17,NA
"CHRA","Y",173.54,11.73
"CHS","Y",369.56,111.3
"CHT","Y",31220,455.54
"CHWY","Y",33750,72.36
"CI","Y",88330,346.76
"CIA","Y",284.78,47.91
"CIB","Y",7990,159.84
"CIEN","Y",8450,153.39
"CIF","Y",51.63,NA
"CIG","Y",3740,1170
"CII","Y",890.81,NA
"CIM","Y",2910,229.17
"CINR","Y",255.18,5.12
"CIO","Y",481.32,41.77
"CIR","Y",661.13,19.76
"CIT","Y",5200,95.76
"CKH","Y",850.69,18.34
"CL","Y",68000,841.39
"CLB","Y",1270,44.05
"CLDR","Y",3670,288.31
"CLDT","Y",622.11,45.82
"CLF","Y",8670,414.15
"CLGX","Y",5870,72.07
"CLH","Y",4820,51.15
"CLI","Y",1460,78.22
"CLNC","Y",1090,126.91
"CLNY","Y",3300,463.76
"CLPR","Y",131.3,15.31
"CLR","Y",9950,63.22
"CLS","Y",1060,108.78
"CLW","Y",566.3,16.07
"CLX","Y",24030,125.58
"CM","Y",43970,442.5
"CMA","Y",9630,137.81
"CMC","Y",3530,118.44
"CMCM","Y",291.8,36.38
"CMD","Y",3660,33.38
"CMG","Y",43900,27.74
"CMI","Y",38170,145.98
"CMO","Y",614.06,94.11
"CMP","Y",2240,33.68
"CMRE","Y",1180,51.05
"CMS","Y",18360,287.21
"CMSA","Y",NA,NA
"CMSC","Y",NA,NA
"CMSD","Y",NA,NA
"CMS","Y",18360,287.21
"CMU","Y",130.3,NA
"CNA","Y",12600,270.84
"CNC","Y",37600,570.41
"CNF","Y",254.47,56.38
"CNHI","Y",20460,992.25
"CNI","Y",83060,709.41
"CNK","Y",2680,98.2
"CNNE","Y",3830,86.17
"CNO","Y",3410,133.53
"CNP","Y",13110,543.19
"CNQ","Y",36530,1160
"CNR","Y",1760,47.71
"CNS","Y",3220,24.02
"CNX","Y",3100,214.05
"CO","Y",585.8,34.73
"CODI","Y",1590,54.78
"COE","Y",446.52,8.49
"COF","Y",61300,453.38
"COG","Y",6710,389.07
"COLD","Y",9880,204.05
"COO","Y",19650,48.86
"COP","Y",69900,1070
"COR","Y",5400,42.22
"CORR","Y",87.74,13.59
"COTY","Y",7070,288.86
"CP","Y",48710,122.09
"CPA","Y",3390,31.39
"CPAC","Y",684.78,50.43
"CPB","Y",14890,195.28
"CPE","Y",1700,38.65
"CPF","Y",765.15,27.2
"CPG","Y",2020,529.03
"CPK","Y",2080,16.95
"CPLG","Y",556.3,38.34
"CPRI","Y",7850,148.17
"CPS","Y",567.86,16.61
"CPT","Y",11610,95.42
"CR","Y",5450,49.32
"CRC","Y",2040,40.01
"CRH","Y",37590,776.2
"CRI","Y",4280,42.62
"CRK","Y",1160,71.49
"CRL","Y",16150,48.98
"CRM","Y",213290,882.79
"CRS","Y",1970,47.14
"CRT","Y",53.01,6
"CRY","Y",877.91,37.5
"CS","Y",25650,2420
"CSL","Y",9150,52.12
"CSLT","Y",247.29,111.98
"CSTM","Y",2080,136.34
"CSU","Y",85.42,1.18
"CSV","Y",639.74,16.33
"CTAA","Y",NA,NA
"CTB","Y",2890,49.88
"CTBB","Y",NA,NA
"CTDD","Y",NA,NA
"CTK","Y",124.84,46.57
"CTLT","Y",18560,169.45
"CTR","Y",150.93,NA
"CTS","Y",1000,31.51
"CTT","Y",542.74,48.03
"CTVA","Y",35210,743.24
"CUB","Y",2380,31.47
"CUBE","Y",8230,194.01
"CUBI","Y",1040,29.46
"CUK","Y",30070,156.07
"CULP","Y",176.64,11.13
"CURO","Y",551.25,17.64
"CUZ","Y",5390,147.37
"CVA","Y",1780,130.44
"CVE","Y",16110,1260
"CVEO","Y",223,11.22
"CVI","Y",1900,29.32
"CVNA","Y",48800,68.28
"CVS","Y",99290,1310
"CVX","Y",199980,1880
"CW","Y",5100,40.61
"CWEN","Y",2330,NA
"CWH","Y",3790,38.53
"CWK","Y",3800,125.27
"CWT","Y",3030,49.39
"CX","Y",11110,461.45
"CXE","Y",166.12,NA
"CXH","Y",90.56,NA
"CXP","Y",2140,113.22
"CXW","Y",957.35,118.43
"CYD","Y",642.29,15.84
"CYH","Y",1340,112.3
"CZZ","Y",NA,NA
"C","Y",150700,2080
"D","Y",63000,797.94
"DAC","Y",1060,11.39
"DAL","Y",29560,634.51
"DAN","Y",3830,143.4
"DAO","Y",3010,91.08
"DAR","Y",11590,160.12
"DAVA","Y",4010,12.77
"DB","Y",25220,1920
"DBD","Y",1090,71.19
"DBI","Y",1220,59.73
"DBL","Y",294.45,NA
"DCF","Y",NA,NA
"DCI","Y",7590,125.69
"DCO","Y",719.82,10.69
"DCP","Y",4880,89.77
"DD","Y",41190,533.88
"DDD","Y",2330,119.77
"DDF","Y",83.49,NA
"DDS","Y",2010,13.06
"DDT","Y",NA,NA
"DE","Y",119040,310.3
"DEA","Y",1760,80.89
"DECK","Y",9460,27.75
"DEI","Y",5660,165.68
"DELL","Y",76930,256.8
"DEO","Y",105000,581.81
"DESP","Y",864.74,60.65
"DEX","Y",120.67,NA
"DFIN","Y",976.53,32.52
"DFP","Y",596.26,NA
"DFS","Y",30740,304.9
"DG","Y",51620,238.38
"DGX","Y",17080,129.44
"DHF","Y",226.12,NA
"DHI","Y",33610,331.92
"DHR","Y",172220,630.23
"DHT","Y",1020,142.13
"DHX","Y",164.36,46.19
"DIAX","Y",607.33,NA
"DIN","Y",1590,16.12
"DIS","Y",337820,1810
"DK","Y",1560,71.88
"DKL","Y",1660,8.24
"DKS","Y",7300,62.99
"DL","Y",NA,NA
"DLB","Y",10280,64.14
"DLNG","Y",142.38,32.05
"DLR","Y",41900,279.32
"DLX","Y",1720,41.53
"DMB","Y",271.22,NA
"DMO","Y",164.86,NA
"DNOW","Y",1050,108.35
"DNP","Y",3140,NA
"DOC","Y",3890,206.95
"DOOR","Y",3060,24.16
"DOV","Y",20030,142.37
"DOW","Y",48020,742.74
"DPG","Y",529.5,NA
"DPZ","Y",15370,38.41
"DQ","Y",4480,61.19
"DRD","Y",851.63,39.79
"DRE","Y",16670,371.33
"DRH","Y",2070,196
"DRI","Y",18690,129.31
"DRQ","Y",1080,34.43
"DRUA","Y",NA,NA
"DS","Y",274.66,81.89
"DSE","Y",19.81,NA
"DSL","Y",1820,NA
"DSM","Y",395.62,NA
"DSSI","Y",404.2,25.56
"DSU","Y",512.04,NA
"DSX","Y",306.1,65.17
"DS","Y",274.66,81.89
"DT","Y",15090,193.03
"DTE","Y",26830,192.32
"DTF","Y",103.48,NA
"DTJ","Y",NA,NA
"DTW","Y",NA,NA
"DTY","Y",NA,NA
"DUC","Y",NA,NA
"DUK","Y",76370,735.11
"DUKB","Y",NA,NA
"DUKH","Y",NA,NA
"DUK","Y",76370,735.11
"DVA","Y",11770,106.09
"DVD","Y",76.56,14.99
"DVN","Y",15160,624.71
"DX","Y",592.59,26.19
"DXC","Y",8130,251.31
"DX","Y",592.59,26.19
"DY","Y",2790,30.6
"E","Y",44890,1250
"EAF","Y",3200,267.16
"EAI","Y",NA,NA
"EARN","Y",149.42,12.02
"EAT","Y",3120,44.78
"EB","Y",2050,66.31
"EBF","Y",531.31,25.23
"EBR","Y",10010,599.71
"EBS","Y",3490,45.2
"EC","Y",26470,221.63
"ECC","Y",397.97,NA
"ECCB","Y",NA,NA
"ECCX","Y",NA,NA
"ECCY","Y",NA,NA
"ECL","Y",62110,284.11
"ECOM","Y",752.7,28.27
"ED","Y",26500,341.89
"EDD","Y",403.82,NA
"EDF","Y",147.08,NA
"EDI","Y",90.68,NA
"EDN","Y",124.6,20.34
"EDU","Y",25570,1420
"EEA","Y",80.4,NA
"EEX","Y",357.42,23.74
"EFC","Y",771.05,40.96
"EFF","Y",125.35,NA
"EFL","Y",NA,NA
"EFR","Y",518.82,NA
"EFT","Y",564.07,NA
"EFX","Y",22890,121.19
"EGF","Y",54.74,NA
"EGHT","Y",3520,103.16
"EGO","Y",1950,174.51
"EGP","Y",6150,38.83
"EGY","Y",146.51,52.87
"EHC","Y",8230,98.06
"EHI","Y",234.92,NA
"EHT","Y",211,NA
"EIC","Y",NA,NA
"EIG","Y",1130,28.06
"EIX","Y",23220,378.91
"EL","Y",109590,220
"ELAN","Y",14290,452.25
"ELC","Y",NA,NA
"ELF","Y",1480,46.2
"ELP","Y",3050,1220
"ELS","Y",12320,173.35
"ELVT","Y",99.95,25.84
"ELY","Y",5280,92.09
"EMD","Y",820.68,NA
"EME","Y",6490,53.84
"EMF","Y",316.46,NA
"EMN","Y",15460,134.73
"EMO","Y",264.59,NA
"EMP","Y",NA,NA
"EMR","Y",54790,595.86
"ENB","Y",75740,2020
"ENBA","Y",NA,NA
"ENBL","Y",3070,89.18
"ENIA","Y",11960,30.43
"ENIC","Y",5540,496.65
"ENJ","Y",NA,NA
"ENLC","Y",2220,257.55
"ENO","Y",NA,NA
"ENR","Y",3410,63.33
"ENS","Y",3930,41.9
"ENV","Y",3980,51.08
"ENVA","Y",1200,34.59
"ENZ","Y",163.38,44.13
"EOD","Y",238.08,NA
"EOG","Y",42980,581.91
"EOI","Y",694.46,NA
"EOS","Y",1140,NA
"EOT","Y",347.38,NA
"EPAC","Y",1600,59.42
"EPAM","Y",25260,53.12
"EPC","Y",2100,54.03
"EPD","Y",50180,1470
"EPR","Y",3560,73.77
"EPRT","Y",2890,105.87
"EPR","Y",3560,73.77
"EQC","Y",3460,119.13
"EQH","Y",14330,399.24
"EQNR","Y",65150,3230
"EQR","Y",27070,366.43
"EQS","Y",25.55,7.34
"EQT","Y",4920,272.19
"ERF","Y",1370,215.51
"ERJ","Y",2090,175.18
"ES","Y",30360,341.46
"ESE","Y",2830,25.42
"ESI","Y",4850,218.29
"ESNT","Y",5600,109.58
"ESRT","Y",1930,168.91
"ESS","Y",18860,63.49
"ESTC","Y",11570,67.86
"ESTE","Y",568.82,22.3
"ET","Y",22260,2310
"ETB","Y",431.46,NA
"ETG","Y",1530,NA
"ETH","Y",708.56,21.36
"ETJ","Y",696.58,NA
"ETM","Y",NA,NA
"ETN","Y",55940,397.89
"ETO","Y",444.25,NA
"ETR","Y",21220,199.62
"ETRN","Y",3550,380.24
"ETV","Y",1470,NA
"ETW","Y",1140,NA
"ETX","Y",241.25,NA
"ETY","Y",2020,NA
"EURN","Y",1730,180.37
"EV","Y",NA,NA
"EVA","Y",1910,25.77
"EVC","Y",324.85,56.84
"EVF","Y",252.95,NA
"EVG","Y",238.88,NA
"EVH","Y",1740,78.03
"EVN","Y",550.98,NA
"EVR","Y",6590,40.51
"EVRG","Y",14100,226.17
"EVRI","Y",1210,84.74
"EVT","Y",1990,NA
"EVTC","Y",2940,59.8
"EW","Y",54670,620.27
"EXD","Y",109.19,NA
"EXG","Y",2870,NA
"EXK","Y",883.02,156.41
"EXP","Y",5960,41.44
"EXPR","Y",220.46,62.6
"EXR","Y",19180,128.15
"EXTN","Y",103.63,31.91
"F","Y",47510,3840
"FAF","Y",6670,108.24
"FAM","Y",101.33,NA
"FBC","Y",2350,51.59
"FBHS","Y",13930,138.36
"FBK","Y",1980,32.73
"FBP","Y",2560,214.25
"FC","Y",429.31,11.82
"FCF","Y",1370,94.64
"FCN","Y",5000,34.14
"FCPT","Y",2190,72.67
"FCT","Y",317.78,NA
"FCX","Y",54000,1440
"FDEU","Y",227.46,NA
"FDP","Y",1370,34.44
"FDS","Y",11850,37.46
"FDX","Y",76100,244.82
"FE","Y",19380,541.22
"FEDU","Y",51.47,13.09
"FEI","Y",323.27,NA
"FENG","Y",111.44,30.88
"FEO","Y",71.38,NA
"FET","Y",104.11,3.94
"FF","Y",571.61,25.64
"FFA","Y",390.24,NA
"FFC","Y",1050,NA
"FFG","Y",1360,9.57
"FGB","Y",59.05,NA
"FHN","Y",9640,546.61
"FI","Y",785.79,155.73
"FICO","Y",15430,28.71
"FIF","Y",216.22,NA
"FINS","Y",NA,NA
"FINV","Y",1880,82.54
"FIS","Y",94790,616.11
"FIT","Y",NA,NA
"FIV","Y",338.25,NA
"FIX","Y",2910,35.44
"FL","Y",6000,90.11
"FLC","Y",253.03,NA
"FLNG","Y",642.93,28.51
"FLO","Y",5080,194.14
"FLOW","Y",2800,41.71
"FLR","Y",3060,137.69
"FLS","Y",5180,129.94
"FLT","Y",24250,78.96
"FLY","Y",516.39,26.54
"FMC","Y",14440,128.94
"FMN","Y",173.72,NA
"FMO","Y",68.9,NA
"FMS","Y",22610,396.99
"FMX","Y",25650,354.24
"FMY","Y",57.57,NA
"FN","Y",3300,36.65
"FNB","Y",4080,320.12
"FND","Y",11260,100.78
"FNF","Y",13040,277.14
"FNV","Y",26120,189.59
"FOE","Y",1400,81.14
"FOF","Y",374.82,NA
"FOR","Y",1200,16.48
"FPAC","Y",594.6,NA
"FPF","Y",1490,NA
"FPH","Y",499.35,64
"FPI","Y",392.5,25.05
"FPL","Y",134.74,NA
"FR","Y",6260,127.62
"FRA","Y",455.47,NA
"FRC","Y",30080,170.16
"FRO","Y",1490,99.52
"FRT","Y",8210,75.94
"FSD","Y",508.08,NA
"FSK","Y",2530,NA
"FSLY","Y",7750,94.55
"FSM","Y",1390,181.48
"FSS","Y",2380,59.3
"FT","Y",193.77,NA
"FTAI","Y",2470,84.72
"FTCH","Y",17380,227.05
"FTI","Y",3300,446.38
"FTK","Y",109.68,66.28
"FTS","Y",20650,466.17
"FTV","Y",24400,322.48
"FUL","Y",3440,51.56
"FUN","Y",2710,55.8
"FVRR","Y",8020,25.58
"F","Y",47510,3840
"G","Y",8300,175.29
"GAB","Y",1840,NA
"GAM","Y",1020,23.52
"GATX","Y",3400,34.41
"GBAB","Y",471.89,NA
"GBL","Y",508.62,7.99
"GBX","Y",1410,31.85
"GCI","Y",671.52,129.53
"GCO","Y",689.19,14.1
"GCP","Y",1860,72.24
"GCV","Y",120.46,NA
"GD","Y",52240,269.37
"GDDY","Y",14740,166.96
"GDL","Y",124.72,NA
"GDO","Y",267.4,NA
"GDOT","Y",2360,51.25
"GDV","Y",2250,NA
"GE","Y",119650,8750
"GEF","Y",2840,24.83
"GEL","Y",1160,105.78
"GEN","Y",NA,NA
"GEO","Y",691.07,117.22
"GER","Y",168.72,NA
"GES","Y",1760,38.26
"GF","Y",324.07,NA
"GFF","Y",1520,45.72
"GFI","Y",8290,862.71
"GGB","Y",9480,566.09
"GGG","Y",12700,165.65
"GGM","Y",212.93,NA
"GGT","Y",257.19,NA
"GGZ","Y",134.98,NA
"GHC","Y",3210,3.88
"GHG","Y",1350,32.65
"GHL","Y",356.74,14.01
"GHM","Y",138.83,9.54
"GHY","Y",617.13,NA
"GIB","Y",19330,194.41
"GIL","Y",6540,194.68
"GIM","Y",723.04,NA
"GIS","Y",36930,608.61
"GIX","Y",198.7,4.38
"GJH","Y",NA,NA
"GJO","Y",NA,NA
"GJP","Y",NA,NA
"GJR","Y",NA,NA
"GJS","Y",NA,NA
"GJT","Y",NA,NA
"GKOS","Y",3890,43.57
"GL","Y",10540,102.54
"GLEO","Y",NA,NA
"GLOB","Y",8860,37.87
"GLOG","Y",555,43.65
"GLOP","Y",137.88,37.75
"GLP","Y",744.48,26.6
"GLT","Y",761.96,43.34
"GLW","Y",35500,685.88
"GL","Y",10540,102.54
"GM","Y",83260,1370
"GME","Y",11640,54.16
"GMED","Y",6900,97.81
"GMRE","Y",852.35,44.41
"GMS","Y",1860,41.61
"GMTA","Y",NA,NA
"GNE","Y",153.73,17.04
"GNK","Y",510.1,29.47
"GNL","Y",1720,84.73
"GNRC","Y",19720,61.84
"GNT","Y",112.69,NA
"GNW","Y",1810,500.56
"GOF","Y",1050,NA
"GOL","Y",1150,78.17
"GOLD","Y",38870,1770
"GOLF","Y",3250,33.94
"GOOS","Y",2390,59.3
"GPC","Y",17020,140.3
"GPI","Y",2980,17.36
"GPJA","Y",NA,NA
"GPK","Y",5140,268.17
"GPM","Y",363.05,NA
"GPMT","Y",691,54.13
"GPN","Y",63660,292.29
"GPRK","Y",1010,36.84
"GPS","Y",12250,208.89
"GPX","Y",277.24,15.83
"GRA","Y",4260,63.25
"GRC","Y",874.59,21.35
"GRUB","Y",6940,91.95
"GRX","Y",222.04,NA
"GS","Y",116350,342.04
"GSAH","Y",963.72,75
"GSBD","Y",1970,NA
"GSK","Y",94040,2450
"GSL","Y",494.42,30.04
"GSLD","Y",NA,NA
"GSL","Y",494.42,30.04
"GSX","Y",6410,123.9
"GS","Y",116350,342.04
"GTES","Y",5020,290.31
"GTN","Y",1870,86.56
"GTS","Y",601.79,22.48
"GTT","Y",95.29,45.75
"GTY","Y",1330,36.13
"GUT","Y",378.05,NA
"GVA","Y",1810,45.05
"GWB","Y",1700,54.84
"GWRE","Y",8770,83.66
"GWW","Y",21280,46.42
"GYC","Y",NA,NA
"H","Y",8330,37.72
"HAE","Y",3850,50.52
"HAL","Y",18710,885.87
"HASI","Y",4130,74.18
"HBB","Y",272.7,5.24
"HBI","Y",6940,344.23
"HBM","Y",2010,174.67
"HCA","Y",64520,264.82
"HCC","Y",937.57,50.96
"HCHC","Y",284.57,48.69
"HCI","Y",634.57,6.41
"HCXY","Y",NA,NA
"HCXZ","Y",NA,NA
"HD","Y",345720,1070
"HDB","Y",124710,NA
"HE","Y",4710,108.34
"HEI","Y",17150,115.11
"HEP","Y",2090,45.56
"HEQ","Y",150.11,NA
"HES","Y",21680,273.18
"HESM","Y",6440,11.4
"HEXO","Y",685.36,116.05
"HFC","Y",5650,160.33
"HFRO","Y",816.96,NA
"HGH","Y",NA,NA
"HGLB","Y",198.69,NA
"HGV","Y",3460,84.46
"HHC","Y",5820,52.92
"HI","Y",3700,74.32
"HIE","Y",183.92,NA
"HIG","Y",24070,356.8
"HII","Y",8480,39.37
"HIL","Y",163.25,48.41
"HIO","Y",488.81,NA
"HIW","Y",4510,102.63
"HIX","Y",592.2,NA
"HKIB","Y",1880,20.76
"HL","Y",3390,521.5
"HLF","Y",5520,117.28
"HLI","Y",4610,51.44
"HLT","Y",34860,272.1
"HLX","Y",727.94,140.7
"HL","Y",3390,521.5
"HMC","Y",55400,1600
"HMI","Y",NA,NA
"HMLP","Y",531.23,17.58
"HMN","Y",1740,40.86
"HMY","Y",2700,432.93
"HNGR","Y",928.95,36.06
"HNI","Y",1750,42.17
"HNP","Y",8610,339.94
"HOG","Y",6800,152.24
"HOME","Y",1860,64.27
"HON","Y",158840,687.31
"HOV","Y",684.74,5.45
"HP","Y",2860,104.21
"HPE","Y",20620,1290
"HPF","Y",452.25,NA
"HPI","Y",540.86,NA
"HPP","Y",4200,149.12
"HPQ","Y",41570,1230
"HPR","Y",NA,NA
"HPS","Y",574.67,NA
"HQH","Y",1110,NA
"HQL","Y",485.35,NA
"HR","Y",4480,138.47
"HRB","Y",3940,180.18
"HRC","Y",7500,66.26
"HRI","Y",2850,28.89
"HRL","Y",24880,281.87
"HRTG","Y",299.52,24.84
"HSBC","Y",119230,NA
"HSC","Y",1440,77.6
"HSY","Y",33290,144.84
"HT","Y",411.22,34.58
"HTA","Y",6260,217.44
"HTD","Y",849.62,NA
"HTFA","Y",NA,NA
"HTGC","Y",1970,113.23
"HTH","Y",2740,71.05
"HTY","Y",69.63,NA
"HT","Y",411.22,34.58
"HUBB","Y",10160,54.08
"HUBS","Y",24070,43.41
"HUM","Y",56580,127.57
"HUN","Y",6380,200.1
"HUYA","Y",4120,80.96
"HVT","Y",718.84,15.48
"HXL","Y",4690,83.2
"HY","Y",1410,9.7
"HYB","Y",212.89,NA
"HYI","Y",347.93,NA
"HYT","Y",1440,NA
"HZN","Y",218.52,21.01
"HZO","Y",1060,21.45
"IAA","Y",8090,134.24
"IAE","Y",109.47,NA
"IAG","Y",1600,474.11
"IBA","Y",2270,13.38
"IBM","Y",118060,889.92
"IBN","Y",52070,3390
"IBP","Y",3770,23.37
"ICD","Y",20.02,6.02
"ICE","Y",66890,554.76
"ICL","Y",8280,694.05
"IDA","Y",5110,50.21
"IDE","Y",236.9,NA
"IDT","Y",561.99,9.93
"IEX","Y",16500,75.55
"IFF","Y",35320,224.19
"IFN","Y",550.47,NA
"IFS","Y",3390,33.75
"IGA","Y",172.45,NA
"IGD","Y",568.47,NA
"IGI","Y",230.95,NA
"IGR","Y",944.38,NA
"IGT","Y",3300,98.88
"IHC","Y",652.21,4.72
"IHD","Y",149.84,NA
"IHG","Y",13070,166.59
"IHIT","Y",222.78,NA
"IHTA","Y",NA,NA
"IID","Y",NA,NA
"IIF","Y",252.54,NA
"IIM","Y",748.2,NA
"IIPR","Y",4290,23.48
"IMAX","Y",1280,49.19
"INFO","Y",43530,396.38
"INFY","Y",77310,3670
"ING","Y",48090,3900
"INGR","Y",6170,66.61
"INN","Y",1030,102.01
"INSI","Y",214.09,NA
"INSP","Y",6270,25.92
"INSW","Y",513.95,27.63
"INT","Y",2150,61.48
"INVH","Y",18930,559.21
"IO","Y",38.97,10.96
"IP","Y",22190,391.97
"IPG","Y",11830,387.18
"IPI","Y",400.86,7.81
"IQI","Y",700.71,NA
"IQV","Y",41190,189.2
"IR","Y",20940,371.5
"IRL","Y",63.99,NA
"IRM","Y",11140,284.47
"IRR","Y",73.97,NA
"IRS","Y",412.93,19.06
"IRT","Y",1650,94.05
"ISD","Y",526.12,NA
"IT","Y",16910,86.63
"ITCB","Y",2050,101.08
"ITGR","Y",3090,32.39
"ITT","Y",7880,85.72
"ITUB","Y",45630,5300
"ITW","Y",69960,315.93
"IVC","Y",297.61,33.53
"IVH","Y",225.19,NA
"IVR","Y",863.51,230.39
"IVZ","Y",12270,376.41
"IX","Y",21090,244.49
"J","Y",17410,128.94
"JAX","Y",148.94,14.38
"JBGS","Y",4250,127.48
"JBK","Y",NA,NA
"JBL","Y",7970,138.04
"JBT","Y",4270,31.1
"JCE","Y",252.78,NA
"JCI","Y",44640,718.26
"JCO","Y",240.32,NA
"JDD","Y",194.91,NA
"JE","Y",NA,NA
"JEF","Y",7920,204.02
"JELD","Y",2990,66.47
"JEMD","Y",NA,NA
"JEQ","Y",124.43,NA
"JE","Y",NA,NA
"JFR","Y",548.13,NA
"JGH","Y",362.03,NA
"JHAA","Y",NA,NA
"JHB","Y",NA,NA
"JHG","Y",5760,170.47
"JHI","Y",157.25,NA
"JHS","Y",179.12,NA
"JHX","Y",14890,440.53
"JIH","Y",NA,NA
"JILL","Y",79.64,3.45
"JKS","Y",1640,44.55
"JLL","Y",9240,50.99
"JLS","Y",115.29,NA
"JMIA","Y",2930,78.37
"JMM","Y",NA,NA
"JMP","Y",132.48,7.95
"JNJ","Y",423430,2610
"JNPR","Y",8350,324.1
"JOE","Y",2580,57.22
"JOF","Y",265.21,NA
"JP","Y",72.55,4.78
"JPC","Y",986.01,NA
"JPI","Y",572.9,NA
"JPM","Y",459440,3030
"JPS","Y",1990,NA
"JPT","Y",NA,NA
"JQC","Y",892.31,NA
"JRI","Y",419.49,NA
"JRO","Y",385.14,NA
"JRS","Y",290.66,NA
"JSD","Y",143.62,NA
"JT","Y",54.1,16.31
"JTA","Y",152.36,NA
"JTD","Y",223.49,NA
"JWN","Y",5630,109.79
"K","Y",21550,337.15
"KAI","Y",2070,11.28
"KAMN","Y",1440,27.17
"KAR","Y",1960,128.17
"KB","Y",19930,384.01
"KBH","Y",4380,75
"KBR","Y",5550,141.18
"KEN","Y",1800,22.58
"KEP","Y",14020,1050
"KEX","Y",3720,59.36
"KEY","Y",19530,956.5
"KEYS","Y",26690,185.19
"KEY","Y",19530,956.5
"KF","Y",225.4,NA
"KFS","Y",101.27,15.66
"KFY","Y",3480,53.11
"KGC","Y",9340,1260
"KIM","Y",8700,420.77
"KIO","Y",322.39,NA
"KKR","Y",45100,514.36
"KL","Y",10090,266.91
"KMB","Y",46860,337.22
"KMF","Y",314.81,NA
"KMI","Y",38050,1950
"KMPR","Y",5440,62.66
"KMT","Y",3460,83.07
"KMX","Y",21020,161.41
"KN","Y",1920,89.5
"KNL","Y",1160,47.16
"KNOP","Y",621.64,24.65
"KNX","Y",8210,154.77
"KO","Y",231190,4270
"KODK","Y",565.32,43.71
"KOF","Y",2550,162.03
"KOP","Y",717.27,20.1
"KOS","Y",1110,380.44
"KR","Y",28210,750.29
"KRA","Y",1210,31.28
"KRC","Y",7880,113.29
"KREF","Y",1080,33.62
"KRG","Y",1680,83.38
"KRO","Y",1950,21.99
"KRP","Y",395.76,6.94
"KSM","Y",133.77,NA
"KSS","Y",9350,155.97
"KSU","Y",23420,90.36
"KT","Y",6660,457.68
"KTB","Y",3470,52.71
"KTF","Y",466.11,NA
"KTH","Y",NA,NA
"KTN","Y",NA,NA
"KW","Y",2900,121.25
"KWR","Y",4290,13.31
"KYN","Y",911.69,NA
"L","Y",14400,224.2
"LAC","Y",1690,91.7
"LAD","Y",10540,26.04
"LADR","Y",1450,104.06
"LAIX","Y",98.77,29.44
"LAZ","Y",5260,100.87
"LB","Y",18360,224.83
"LBRT","Y",2050,79.05
"LC","Y",1330,75.73
"LCI","Y",204.55,32.6
"LCII","Y",3490,24.32
"LDL","Y",567.32,16.8
"LDOS","Y",14330,141.34
"LDP","Y",NA,NA
"LEA","Y",10810,59.94
"LEAF","Y",336.33,24.04
"LEE","Y",176.59,4.99
"LEG","Y",6490,130.89
"LEJU","Y",294.15,134.53
"LEN","Y",30950,285.32
"LEO","Y",537.49,NA
"LEVI","Y",10750,67.03
"LFC","Y",109120,4450
"LGI","Y",257.98,NA
"LH","Y",25150,96.82
"LHX","Y",43120,203.48
"LII","Y",12480,34.5
"LIN","Y",149780,522.37
"LINX","Y",1210,104.31
"LITB","Y",318.37,102.74
"LL","Y",738.98,27.51
"LLY","Y",178660,856.6
"LMT","Y",109390,238.05
"LNC","Y",12280,182.01
"LND","Y",418.09,31.15
"LNN","Y",1770,10.77
"LOMA","Y",1190,118.01
"LOW","Y",143740,709.95
"LPG","Y",655.91,41.25
"LPI","Y",479.27,11.52
"LPL","Y",8040,444.1
"LPX","Y",7050,105.18
"LRN","Y",1240,39.93
"LSI","Y",6990,73.65
"LTC","Y",1710,38.53
"LTHM","Y",2550,145.23
"LUB","Y",107.91,18.77
"LUV","Y",37000,588.84
"LVS","Y",46530,330.66
"LW","Y",11390,145.1
"LXFR","Y",578.44,25.75
"LXP","Y",3270,271.38
"LXU","Y",177.72,24.22
"LYB","Y",35690,255.83
"LYG","Y",42200,17360
"LYV","Y",17630,158.98
"LZB","Y",1980,45.22
"M","Y",5210,308.08
"MA","Y",379940,868.47
"MAA","Y",17200,113.53
"MAC","Y",2080,147.9
"MAIN","Y",2860,62.42
"MAN","Y",5900,54.45
"MANU","Y",2830,31.47
"MAS","Y",16040,252.34
"MATX","Y",3020,42.27
"MAV","Y",289.89,NA
"MAXR","Y",2550,60.19
"MBI","Y",540.74,47.24
"MBT","Y",8220,461.49
"MC","Y",3390,55.16
"MCA","Y",516.09,NA
"MCB","Y",447.12,7.82
"MCD","Y",171620,744.69
"MCI","Y",286.5,NA
"MCK","Y",30540,157.74
"MCN","Y",166.32,NA
"MCO","Y",59370,187.11
"MCR","Y",383.32,NA
"MCS","Y",672.13,22.43
"MCY","Y",3590,26.52
"MD","Y",2260,82.8
"MDC","Y",4150,51.65
"MDLA","Y",4580,137.59
"MDLQ","Y",NA,NA
"MDLX","Y",NA,NA
"MDLY","Y",39.02,5.63
"MDP","Y",1220,40.14
"MDT","Y",169950,1350
"MDU","Y",6580,198.65
"MEC","Y",317.27,19.54
"MED","Y",2740,11.21
"MEI","Y",1720,34.96
"MEN","Y",358.55,NA
"MET","Y",55120,762.6
"MFA","Y",1850,405.68
"MFA","Y",1850,405.68
"MFC","Y",41480,1940
"MFD","Y",83.08,NA
"MFG","Y",36380,12670
"MFGP","Y",2500,332.1
"MFL","Y",549.12,NA
"MFM","Y",283.78,NA
"MFT","Y",NA,NA
"MFV","Y",46.18,NA
"MG","Y",327.94,19.34
"MGA","Y",28130,275.7
"MGF","Y",140.77,NA
"MGM","Y",19400,400.36
"MGP","Y",17090,131.06
"MGR","Y",NA,NA
"MGU","Y",285.15,NA
"MGY","Y",2800,127.4
"MHD","Y",232.33,NA
"MHE","Y",32.34,NA
"MHF","Y",169.71,NA
"MHI","Y",288.51,NA
"MHK","Y",13740,57.84
"MHLA","Y",NA,NA
"MHN","Y",445.5,NA
"MHNC","Y",NA,NA
"MHO","Y",1750,28.11
"MIC","Y",2830,87.01
"MIE","Y",85.84,NA
"MIN","Y",424.31,NA
"MITT","Y",154.17,39.99
"MIXT","Y",318.68,11.6
"MIY","Y",450.31,NA
"MKC","Y",23640,261.79
"MKL","Y",16560,13.45
"MLI","Y",2530,55.23
"MLM","Y",21640,61.7
"MLP","Y",224.89,6.67
"MLR","Y",510.08,10.99
"MMC","Y",64540,502.52
"MMD","Y",610.6,NA
"MMI","Y",1430,38.01
"MMM","Y",114430,578
"MMP","Y",10240,222.98
"MMS","Y",5880,60.75
"MMT","Y",393.67,NA
"MMU","Y",575.06,NA
"MN","Y",131.81,13.2
"MNP","Y",151.33,NA
"MNR","Y",1800,94.94
"MNRL","Y",924.13,42.89
"MO","Y",89690,1850
"MOD","Y",807.85,49.15
"MODN","Y",1380,32.27
"MOGU","Y",164.82,84.21
"MOH","Y",14790,57.98
"MOS","Y",12300,343.2
"MOV","Y",718.02,16.15
"MPA","Y",198.01,NA
"MPC","Y",34580,646.9
"MPLX","Y",27820,387.99
"MPV","Y",138.88,NA
"MPW","Y",12760,572.52
"MPX","Y",549.11,8.18
"MQT","Y",314.69,NA
"MQY","Y",494.38,NA
"MRC","Y",763.83,78.45
"MRK","Y",194530,2530
"MRO","Y",8630,787.3
"MS","Y",153950,1430
"MSA","Y",5980,36.12
"MSB","Y",454.54,13.11
"MSC","Y",1220,10.62
"MSCI","Y",38440,79.94
"MSD","Y",184.91,NA
"MSGN","Y",890.02,41.1
"MSI","Y",31710,168.07
"MSM","Y",4940,45.56
"MS","Y",153950,1430
"MT","Y",32000,653.43
"MTB","Y",19940,127.72
"MTD","Y",29310,23.01
"MTDR","Y",2950,109.91
"MTG","Y",4880,333.17
"MTH","Y",3580,36.84
"MTL","Y",537.36,171.12
"MTN","Y",12550,39.72
"MTOR","Y",2070,71.02
"MTR","Y",8.69,1.86
"MTRN","Y",1390,20
"MTT","Y",258.4,NA
"MTW","Y",736.11,34.08
"MTX","Y",2580,33.69
"MTZ","Y",7220,55.63
"MUA","Y",549.75,NA
"MUC","Y",620.37,NA
"MUE","Y",302.68,NA
"MUFG","Y",73240,12720
"MUH","Y",NA,NA
"MUI","Y",579.04,NA
"MUJ","Y",453.84,NA
"MUR","Y",2650,144.92
"MUS","Y",NA,NA
"MUSA","Y",3790,26.58
"MUX","Y",523.58,373.71
"MVF","Y",611.73,NA
"MVO","Y",56.98,7.19
"MVT","Y",323.51,NA
"MWA","Y",2230,156.07
"MX","Y",1220,34.45
"MXE","Y",19.51,NA
"MXF","Y",221.48,NA
"MXL","Y",2720,69.31
"MYC","Y",323.43,NA
"MYD","Y",691.13,NA
"MYE","Y",759.41,35.48
"MYF","Y",196.38,NA
"MYI","Y",977.96,NA
"MYJ","Y",361.19,NA
"MYN","Y",543.13,NA
"MYOV","Y",1570,32.77
"MZA","Y",67.88,NA
"NAC","Y",2190,NA
"NAD","Y",3240,NA
"NAN","Y",443.02,NA
"NAT","Y",475.36,146.08
"NAV","Y",4400,99.16
"NAZ","Y",176.92,NA
"NBB","Y",623.19,NA
"NBHC","Y",1210,29.22
"NBR","Y",660.58,6.77
"NC","Y",158.55,3.03
"NCA","Y",289.06,NA
"NCB","Y",NA,NA
"NCLH","Y",10330,314.15
"NCR","Y",5340,127
"NCV","Y",522.36,NA
"NCZ","Y",388.95,NA
"NDP","Y",32.63,NA
"NEA","Y",4500,NA
"NEE","Y",155030,1960
"NEM","Y",51400,792
"NEP","Y",5580,71.29
"NET","Y",23810,94.85
"NEU","Y",4200,9.02
"NEV","Y",425.4,NA
"NEW","Y",340.78,86.78
"NEWR","Y",4230,50.95
"NEX","Y",825.2,196.12
"NEXA","Y",1360,44.4
"NFG","Y",4640,89.81
"NFH","Y",1610,116.16
"NFJ","Y",1370,NA
"NGG","Y",44500,699.83
"NGL","Y",264.41,123.02
"NGS","Y",124.98,12.44
"NGVC","Y",370.08,12.07
"NGVT","Y",3090,41
"NHA","Y",NA,NA
"NHF","Y",533.41,NA
"NHI","Y",3370,43.09
"NI","Y",10070,381.71
"NID","Y",670.34,NA
"NIE","Y",808.27,NA
"NIM","Y",133.04,NA
"NINE","Y",67.81,15.94
"NIO","Y",59550,1010
"NIQ","Y",191.48,NA
"NI","Y",10070,381.71
"NJR","Y",4010,95.41
"NJV","Y",NA,NA
"NKE","Y",208460,1270
"NKG","Y",139.46,NA
"NKX","Y",740.37,NA
"NL","Y",381.19,8.3
"NLS","Y",530.46,29.58
"NLSN","Y",9030,354.46
"NLY","Y",12250,1390
"NM","Y",145.26,12.18
"NMCO","Y",770.37,NA
"NMI","Y",106.7,NA
"NMM","Y",336.86,8.93
"NMR","Y",17100,2950
"NMS","Y",91.07,NA
"NMT","Y",136.48,NA
"NMY","Y",NA,NA
"NMZ","Y",1240,NA
"NM","Y",145.26,12.18
"NNA","Y",54.19,10.8
"NNI","Y",2860,16.78
"NNN","Y",8120,174.02
"NNY","Y",149.15,NA
"NOA","Y",338.85,28.71
"NOAH","Y",2570,43.06
"NOC","Y",55180,160.57
"NOK","Y",23740,5380
"NOM","Y",34.96,NA
"NOMD","Y",5170,146.54
"NOV","Y",5280,358.18
"NOVA","Y",3600,75.33
"NOW","Y",108200,195.35
"NP","Y",909.44,16.57
"NPK","Y",750.39,5.04
"NPN","Y",NA,NA
"NPO","Y",1760,20.17
"NPTN","Y",556.31,46.9
"NPV","Y",294.09,NA
"NQP","Y",538.69,NA
"NR","Y",299.32,87.97
"NRG","Y",9330,241.92
"NRGX","Y",465.85,NA
"NRK","Y",1200,NA
"NRP","Y",229.94,8.7
"NRT","Y",43.38,9.13
"NRUC","Y",NA,NA
"NRZ","Y",4260,412.78
"NS","Y",2000,97.85
"NSA","Y",3280,61.75
"NSC","Y",73750,251.57
"NSCO","Y",NA,NA
"NSL","Y",216.61,NA
"NSP","Y",3310,35.62
"NSS","Y",NA,NA
"NS","Y",2000,97.85
"NTB","Y",1890,48.79
"NTG","Y",166.81,NA
"NTP","Y",498.7,16.54
"NTR","Y",30740,569.53
"NTZ","Y",152.51,0.95
"NUE","Y",23550,295.65
"NUM","Y",NA,NA
"NUO","Y",289.77,NA
"NUS","Y",2690,49.97
"NUV","Y",2300,NA
"NUW","Y",258.96,NA
"NVG","Y",3670,NA
"NVGS","Y",564.77,30.87
"NVO","Y",131330,1260
"NVR","Y",17790,3.47
"NVRO","Y",5260,32.92
"NVS","Y",216270,2110
"NVST","Y",6760,159.3
"NVT","Y",4900,165.99
"NVTA","Y",7210,164.1
"NWHM","Y",111.96,12.56
"NWN","Y",1680,30.28
"NX","Y",915.71,32.74
"NXC","Y",101.34,NA
"NXJ","Y",612.7,NA
"NXN","Y",55.73,NA
"NXP","Y",292.79,NA
"NXQ","Y",294.93,NA
"NXR","Y",225.82,NA
"NXRT","Y",1240,22.09
"NYCB","Y",5730,448.29
"NYT","Y",8270,147.59
"NYV","Y",NA,NA
"NZF","Y",2350,NA
"O","Y",25110,372.6
"OC","Y",10060,103.88
"OCFT","Y",6200,388.99
"OCN","Y",214.06,7.89
"ODC","Y",259.2,5.55
"OEC","Y",1140,59.35
"OFC","Y",3080,111.75
"OFG","Y",1200,50.54
"OGE","Y",6700,199.39
"OGS","Y",4250,52.17
"OHI","Y",8600,226.05
"OI","Y",2300,155.31
"OIA","Y",380.43,NA
"OII","Y",1120,97.77
"OIS","Y",365.7,59.66
"OKE","Y",23420,441.79
"OLN","Y",6690,154.57
"OLP","Y",496.86,18.4
"OMC","Y",17010,213.15
"OMF","Y",7090,129.87
"OMI","Y",2770,70.21
"ONE","Y",407.52,89.16
"ONTO","Y",3410,47.4
"OOMA","Y",379.44,21.27
"OPP","Y",205.93,NA
"OPY","Y",570.75,8.97
"OR","Y",2030,165.75
"ORA","Y",4110,55.86
"ORAN","Y",33030,2170
"ORC","Y",499.26,84.81
"ORCC","Y",5570,377.93
"ORCL","Y",225180,1800
"ORI","Y",7190,283.13
"ORN","Y",171.38,28.17
"OSG","Y",205.85,69.36
"OSK","Y",8330,67.96
"OUT","Y",3370,143.45
"OXM","Y",1440,16.3
"OXY","Y",23360,929.06
"PAC","Y",4650,29.38
"PACK","Y",1410,69.32
"PAG","Y",6950,65.57
"PAGS","Y",14700,179.98
"PAI","Y",142.26,NA
"PAM","Y",1470,30.78
"PANW","Y",36050,93.01
"PAR","Y",1910,19.34
"PARR","Y",898.76,53.02
"PAYC","Y",23650,48.79
"PB","Y",6960,88.59
"PBA","Y",16330,549.26
"PBB","Y",NA,NA
"PBC","Y",NA,NA
"PBF","Y",1630,95.77
"PBFX","Y",917.47,25.02
"PBH","Y",2240,49.42
"PBI","Y",1390,163.21
"PBR","Y",56170,4190
"PBT","Y",183.14,41.95
"PBY","Y",NA,NA
"PCF","Y",52.2,NA
"PCG","Y",22790,1470
"PCI","Y",3450,NA
"PCK","Y",291.57,NA
"PCM","Y",136.77,NA
"PCN","Y",724.87,NA
"PCQ","Y",339.21,NA
"PD","Y",3480,69.05
"PDI","Y",1960,NA
"PDM","Y",2240,122.6
"PDS","Y",368,13.17
"PDT","Y",756.16,NA
"PEAK","Y",17910,537.39
"PEB","Y",3160,129.23
"PEG","Y",31580,498.96
"PEI","Y",146.42,65.96
"PEN","Y",10150,33.94
"PEO","Y",355.64,23.98
"PFD","Y",204.06,NA
"PFE","Y",211700,5570
"PFGC","Y",7440,130.75
"PFH","Y",NA,NA
"PFL","Y",398.97,NA
"PFN","Y",777.4,NA
"PFO","Y",166.47,NA
"PFS","Y",1810,71.54
"PFSI","Y",4000,38.12
"PG","Y",336370,2460
"PGP","Y",121.79,NA
"PGR","Y",59060,583.48
"PGRE","Y",2290,185
"PGTI","Y",1530,56.48
"PGZ","Y",98.39,NA
"PH","Y",40630,128.5
"PHD","Y",274.33,NA
"PHG","Y",54950,902.01
"PHI","Y",5620,89.89
"PHK","Y",920.95,NA
"PHM","Y",14000,256.76
"PHR","Y",2270,41.56
"PHT","Y",280.33,NA
"PHX","Y",56.94,17.62
"PII","Y",8730,57.76
"PIM","Y",214.43,NA
"PINE","Y",134.63,6.07
"PING","Y",1890,42.32
"PINS","Y",52010,536.15
"PJT","Y",2570,20.53
"PK","Y",4940,233.36
"PKE","Y",278.33,17.58
"PKG","Y",13330,93.29
"PKI","Y",15250,111
"PKO","Y",563.89,NA
"PKX","Y",27550,342.45
"PLAN","Y",8650,131.2
"PLD","Y",82890,735.59
"PLNT","Y",7390,81.67
"PLOW","Y",1050,22.34
"PLT","Y",1490,38.34
"PM","Y",141210,1550
"PMF","Y",373.71,NA
"PML","Y",936.5,NA
"PMM","Y",413.52,NA
"PMO","Y",474.81,NA
"PMT","Y",1920,97.17
"PMX","Y",411.79,NA
"PNC","Y",73640,422.63
"PNF","Y",96.84,NA
"PNI","Y",130.35,NA
"PNM","Y",4250,84.79
"PNR","Y",10500,165.78
"PNW","Y",9450,112.34
"POR","Y",4510,89.08
"POST","Y",7130,59.38
"PPG","Y",36780,235.21
"PPL","Y",22110,767.88
"PPR","Y",566.1,NA
"PPT","Y",478.35,NA
"PPX","Y",NA,NA
"PQG","Y",2250,39.15
"PRA","Y",1440,53.18
"PRGO","Y",5510,131.77
"PRI","Y",6180,38.95
"PRLB","Y",2880,26.64
"PRO","Y",2010,39.6
"PROS","Y",554.48,26.51
"PRS","Y",NA,NA
"PRSP","Y",4690,137.11
"PRT","Y",66.08,6.28
"PRTY","Y",654.87,99.94
"PRU","Y",38340,393.6
"PSA","Y",47430,151.59
"PSB","Y",4450,20.06
"PSF","Y",351,NA
"PSN","Y",4330,100.64
"PSO","Y",8500,703.85
"PSTG","Y",5840,251.41
"PSTL","Y",242.73,8.71
"PSX","Y",34270,435.25
"PSXP","Y",7700,55.23
"PTR","Y",114060,271.97
"PTY","Y",2090,NA
"PUK","Y",56900,1290
"PUMP","Y",1090,71.97
"PVG","Y",2140,187.62
"PVH","Y",7470,70.72
"PVL","Y",47.55,22.51
"PWR","Y",13200,137.38
"PXD","Y",33010,214.81
"PYN","Y",58.02,NA
"PYS","Y",NA,NA
"PYT","Y",NA,NA
"PZC","Y",239.85,NA
"PZN","Y",794.83,16.49
"QD","Y",355.64,109.94
"QEP","Y",NA,NA
"QGEN","Y",12090,217.69
"QSR","Y",30790,275.54
"QTS","Y",4280,60.43
"QTWO","Y",5660,50.94
"QUAD","Y",209.04,29.31
"QUOT","Y",1570,85.02
"QVCC","Y",NA,NA
"QVCD","Y",NA,NA
"R","Y",4140,53.24
"RA","Y",972.17,NA
"RACE","Y",39230,163.8
"RAD","Y",1020,53.53
"RAMP","Y",3340,64.46
"RBA","Y",6900,109.17
"RBC","Y",5790,39.79
"RC","Y",978.8,54.07
"RCA","Y",NA,NA
"RCB","Y",NA,NA
"RCI","Y",24760,352.06
"RCL","Y",21110,187.59
"RCP","Y",NA,NA
"RCS","Y",327.86,NA
"RCUS","Y",2400,37.99
"RDN","Y",4590,190.63
"RDY","Y",10880,121.87
"RE","Y",13200,39.37
"RELX","Y",51290,1920
"RENN","Y",196.99,4.69
"RES","Y",1120,73.72
"REV","Y",611.51,6.63
"REVG","Y",1230,27.78
"REX","Y",502.67,5.27
"REXR","Y",7240,130.95
"REZI","Y",4110,133.72
"RF","Y",19860,956.48
"RFI","Y",392.45,NA
"RFL","Y",625.58,10.42
"RFP","Y",1090,79.53
"RF","Y",19860,956.48
"RGA","Y",8900,67.6
"RGR","Y",1250,16.84
"RGS","Y",447.35,33.4
"RGT","Y",83.34,NA
"RH","Y",13050,18.25
"RHI","Y",9100,109.6
"RHP","Y",4240,53.17
"RIG","Y",2090,579.75
"RIO","Y",139030,1060
"RIV","Y",177.24,NA
"RJF","Y",17850,122.36
"RL","Y",9040,47.41
"RLGY","Y",1810,114.28
"RLH","Y",NA,NA
"RLI","Y",5170,43.05
"RLJ","Y",2580,162.63
"RM","Y",410.23,10.59
"RMAX","Y",710.59,18.05
"RMD","Y",29450,144.32
"RMI","Y",142.79,NA
"RMM","Y",379.2,NA
"RMT","Y",509.42,NA
"RNG","Y",29190,78.46
"RNGR","Y",87.69,4.79
"RNP","Y",1180,NA
"RNR","Y",8700,49.12
"ROG","Y",3610,18.46
"ROK","Y",30840,115.95
"ROL","Y",17110,220.67
"ROP","Y",44820,103.18
"RPAI","Y",2470,212.25
"RPLA","Y",NA,NA
"RPM","Y",11760,127.89
"RPT","Y",978.81,79.77
"RQI","Y",1940,NA
"RRC","Y",2410,235.66
"RRD","Y",348.7,69.08
"RS","Y",9840,63.34
"RSF","Y",NA,NA
"RSG","Y",33350,317.65
"RVI","Y",400.3,14.41
"RVLV","Y",3560,25.54
"RVT","Y",1900,NA
"RWT","Y",1150,110.87
"RXN","Y",5840,119.27
"RY","Y",133090,1420
"RYAM","Y",614.99,60.54
"RYB","Y",72.75,13.69
"RYI","Y",565.27,16.08
"RYN","Y",4940,135.61
"RY","Y",133090,1420
"RZA","Y",NA,NA
"RZB","Y",NA,NA
"SA","Y",1300,58.03
"SAF","Y",NA,NA
"SAFE","Y",3610,17.42
"SAH","Y",2080,21.98
"SAIC","Y",5110,57.84
"SAIL","Y",4420,87.93
"SALT","Y",NA,NA
"SAM","Y",15770,9.16
"SAN","Y",61290,17120
"SAP","Y",170510,1110
"SAR","Y",278.81,7.94
"SAVE","Y",3560,97.44
"SB","Y",265.75,46.39
"SBE","Y",NA,NA
"SBH","Y",2250,111.41
"SBI","Y",133.22,NA
"SBOW","Y",98.29,10.9
"SBR","Y",475.86,13.93
"SBS","Y",5070,340
"SB","Y",265.75,46.39
"SC","Y",9410,60.18
"SCA","Y",NA,NA
"SCCO","Y",56600,84.04
"SCD","Y",237.45,NA
"SCHW","Y",125650,1580
"SCI","Y",8660,168.02
"SCL","Y",2850,21.54
"SCM","Y",265.98,NA
"SCPE","Y",230.62,17.25
"SCS","Y",1650,75.18
"SCU","Y",1210,17.11
"SCX","Y",44.53,6.11
"SD","Y",136.6,35.47
"SE","Y",126130,78.55
"SEAS","Y",3870,49.9
"SEE","Y",7290,150.34
"SEM","Y",4730,109.45
"SF","Y",7120,99.71
"SFB","Y",NA,NA
"SFE","Y",136.46,19.07
"SFL","Y",973.54,93.9
"SFTW","Y",393.32,26.43
"SFUN","Y",112,4.57
"SF","Y",7120,99.71
"SGU","Y",472.62,35.67
"SHAK","Y",4710,33.27
"SHG","Y",17170,429.13
"SHI","Y",5050,107.89
"SHLX","Y",5680,123.71
"SHO","Y",2680,212.29
"SHOP","Y",141820,110.79
"SHO","Y",2680,212.29
"SHW","Y",68480,82.08
"SI","Y",3070,16.73
"SID","Y",11580,649.81
"SIG","Y",3190,50.84
"SITC","Y",2980,153.32
"SITE","Y",7670,43.76
"SIX","Y",4010,76.56
"SJI","Y",2450,100.08
"SJM","Y",14380,109.18
"SJR","Y",13650,464.57
"SJT","Y",198.99,46.61
"SJW","Y",1940,26.09
"SKM","Y",21620,536.96
"SKT","Y",1710,91.02
"SKX","Y",6870,133.96
"SKY","Y",2500,51.78
"SLB","Y",37620,1390
"SLCA","Y",901.22,71.97
"SLF","Y",30320,584.89
"SLG","Y",4920,69.05
"SM","Y",2100,107.69
"SMAR","Y",7690,111.41
"SMFG","Y",48990,6840
"SMG","Y",12790,40.72
"SMHI","Y",NA,NA
"SMLP","Y",136.45,4.9
"SMM","Y",90.74,NA
"SMP","Y",967.45,21.07
"SNA","Y",12660,53.41
"SNAP","Y",95090,1090
"SNDR","Y",4510,50.34
"SNE","Y",NA,NA
"SNN","Y",16980,437.44
"SNP","Y",78000,357.49
"SNR","Y",554.07,81.41
"SNV","Y",6750,145.72
"SNX","Y",6390,41.3
"SO","Y",68240,1050
"SOGO","Y",3280,83.97
"SOI","Y",523.98,25.06
"SOJB","Y",NA,NA
"SOJC","Y",NA,NA
"SOL","Y",601.57,25.98
"SON","Y",6470,99.87
"SOR","Y",373.7,NA
"SPB","Y",3830,41.18
"SPCE","Y",5250,140.66
"SPE","Y",129.21,NA
"SPG","Y",37420,325.65
"SPGI","Y",89960,240.28
"SPG","Y",37420,325.65
"SPH","Y",928.52,61.3
"SPLP","Y",422.22,18.83
"SPOT","Y",54740,133.03
"SPR","Y",4890,103.58
"SPXC","Y",2720,44.15
"SPXX","Y",297.25,NA
"SQ","Y",114570,378.52
"SQM","Y",14750,136.24
"SQNS","Y",209.76,27.39
"SR","Y",4020,50.11
"SRC","Y",5120,108.14
"SRE","Y",41690,288.16
"SRG","Y",731.38,36.03
"SRI","Y",858.62,25.64
"SRL","Y",105.18,6.03
"SRLP","Y",547.46,9.59
"SRT","Y",330.87,11.81
"SRV","Y",54.58,NA
"SR","Y",4020,50.11
"SSD","Y",4610,43.08
"SSL","Y",10310,537.04
"SSTK","Y",3620,22.58
"ST","Y",9140,156.63
"STAG","Y",5670,158.12
"STAR","Y",1470,70.88
"STC","Y",1520,26.29
"STE","Y",17690,84.9
"STG","Y",46.43,43.03
"STK","Y",523.65,NA
"STL","Y",4680,191.05
"STM","Y",35050,625.51
"STN","Y",5240,110.99
"STNG","Y",1070,46.2
"STON","Y",198.39,106.66
"STOR","Y",9350,260.18
"STT","Y",30320,348.51
"STWD","Y",7210,274
"STZ","Y",44830,154
"SU","Y",32150,1530
"SUI","Y",17710,100.97
"SUM","Y",3410,114.32
"SUN","Y",2780,54.09
"SUP","Y",127.3,23.4
"SUPV","Y",209.92,66.65
"SUZ","Y",17510,736.62
"SWCH","Y",4280,88.33
"SWI","Y",5630,68.99
"SWK","Y",33030,160.51
"SWM","Y",1510,30.74
"SWN","Y",2890,668.43
"SWX","Y",4110,56.42
"SWZ","Y",121.83,NA
"SXC","Y",552.7,82.13
"SXI","Y",1170,12.05
"SXT","Y",3390,42.01
"SYF","Y",23620,579.29
"SYK","Y",96510,348.25
"SYX","Y",1680,15.71
"SYY","Y",41390,509.69
"SZC","Y",111.17,NA
"T","Y",212450,7120
"TAC","Y",2620,269.28
"TAK","Y",53470,3130
"TAL","Y",35080,376.88
"TALO","Y",975.6,46.29
"TAP","Y",11610,180.16
"TARO","Y",2860,8.76
"TBB","Y",NA,NA
"TBC","Y",NA,NA
"TBI","Y",810.57,34.79
"TCI","Y",177.53,1.03
"TCP","Y",NA,NA
"TCS","Y",742.83,28.88
"TD","Y",118790,1800
"TDA","Y",NA,NA
"TDC","Y",4210,106.92
"TDE","Y",NA,NA
"TDF","Y",762.28,NA
"TDG","Y",33480,51.4
"TDI","Y",NA,NA
"TDJ","Y",NA,NA
"TDOC","Y",28740,150.95
"TDS","Y",2550,92.77
"TDW","Y",493.22,39.69
"TDY","Y",15820,36.39
"TEAF","Y",200.21,NA
"TECK","Y",12010,523.82
"TEF","Y",24510,4990
"TEI","Y",362.87,NA
"TEL","Y",42880,330.23
"TEN","Y",874.56,61.71
"TEO","Y",1020,89.83
"TEVA","Y",11370,1090
"TEX","Y",3160,66.56
"TFC","Y",76340,1340
"TFX","Y",20100,46.4
"TG","Y",497.85,25.82
"TGH","Y",1450,46.01
"TGI","Y",951.58,54.37
"TGNA","Y",4510,218.29
"TGP","Y",1300,50.99
"TGS","Y",546.58,148.12
"TGT","Y",102650,497.37
"THC","Y",5470,103.55
"THG","Y",4950,36.04
"THO","Y",7650,52.99
"THQ","Y",944.63,NA
"THR","Y",657.58,32.56
"THS","Y",2840,55.4
"THW","Y",576.61,NA
"TISI","Y",322.49,29.6
"TJX","Y",82320,1200
"TK","Y",328.76,69.17
"TKC","Y",4080,430.78
"TKR","Y",6240,65.93
"TLK","Y",22480,980.72
"TLYS","Y",360.43,22.04
"TM","Y",254690,1250
"TME","Y",30090,589.18
"TMHC","Y",4030,125.46
"TMO","Y",192220,392.21
"TMST","Y",525.44,35.97
"TNC","Y",1490,18.15
"TNET","Y",5450,61.37
"TNK","Y",437.18,24.11
"TNP","Y",175.54,12.34
"TOL","Y",7260,111.65
"TOT","Y",121180,2420
"TPB","Y",892.25,18.2
"TPC","Y",859.19,40.56
"TPH","Y",2650,118.01
"TPL","Y",11950,7.74
"TPR","Y",12480,277.14
"TPRE","Y",NA,NA
"TPVG","Y",479.54,30.46
"TPVY","Y",NA,NA
"TPX","Y",7780,198.58
"TPZ","Y",83.71,NA
"TR","Y",2090,34.52
"TRC","Y",421.59,24.4
"TREC","Y",196.52,21.41
"TREX","Y",11900,115.17
"TRGP","Y",7530,225.3
"TRI","Y",45340,171.27
"TRN","Y",3170,109.99
"TRNO","Y",4330,67.19
"TROX","Y",3050,97.57
"TRP","Y",46820,933.9
"TRQ","Y",3810,99.03
"TRTN","Y",3900,66.02
"TRTX","Y",874,59.75
"TRU","Y",18360,189.53
"TRV","Y",38430,250.6
"TS","Y",13070,233
"TSE","Y",2480,37.4
"TSI","Y",269.3,NA
"TSLX","Y",1610,NA
"TSM","Y",548020,4860
"TSN","Y",28420,286.84
"TSQ","Y",151.91,9.71
"TTC","Y",11660,106.54
"TTI","Y",319.42,120.43
"TTM","Y",14400,412.45
"TTP","Y",48.31,NA
"TU","Y",25920,1260
"TUFN","Y",362.58,26.73
"TUP","Y",1370,47.49
"TV","Y",7130,432.22
"TVC","Y",NA,NA
"TVE","Y",NA,NA
"TWI","Y",609.75,57.8
"TWLO","Y",63400,139.4
"TWN","Y",222.65,NA
"TWO","Y",1980,271.45
"TWTR","Y",55490,777.25
"TX","Y",7660,48.99
"TXT","Y",13260,224.14
"TY","Y",1770,NA
"TYG","Y",336.69,NA
"TYL","Y",18210,39.79
"TY","Y",1770,NA
"T","Y",212450,7120
"UA","Y",8160,355.26
"UAA","Y",9010,382.08
"UAN","Y",477.42,7.18
"UBA","Y",674.7,31.76
"UBER","Y",108730,1630
"UBP","Y",NA,NA
"UBS","Y",60160,3540
"UDR","Y",13350,291.79
"UE","Y",2130,109.88
"UFI","Y",516.78,16.38
"UFS","Y",1870,50.17
"UGI","Y",9100,207.07
"UGP","Y",4220,746.77
"UHS","Y",12000,75.53
"UHT","Y",953.67,12.71
"UI","Y",17130,6.52
"UIS","Y",1690,61.46
"UL","Y",151110,2580
"UMC","Y",23170,2290
"UMH","Y",842.42,38.15
"UNF","Y",4340,15.05
"UNFI","Y",1920,55.09
"UNH","Y",367580,943.06
"UNM","Y",5890,202.13
"UNMA","Y",NA,NA
"UNP","Y",149250,664.98
"UNVR","Y",3860,166.56
"UPS","Y",154750,717.53
"URI","Y",23280,71.86
"USA","Y",1870,NA
"USAC","Y",1510,49.6
"USB","Y",84440,1500
"USDP","Y",158.62,8.24
"USFD","Y",8580,207.83
"USM","Y",3160,14.99
"USNA","Y",2220,12.51
"USPH","Y",1360,12.6
"USX","Y",549.93,22.51
"UTF","Y",2720,NA
"UTI","Y",199.71,28.91
"UTL","Y",741.07,14.74
"UVE","Y",439.02,28.22
"UVV","Y",1400,23.94
"UZA","Y",NA,NA
"UZB","Y",NA,NA
"UZC","Y",NA,NA
"V","Y",482300,1820
"VAC","Y",7090,40.39
"VALE","Y",101300,4790
"VAPO","Y",570.39,22.04
"VAR","Y",16260,91.56
"VBF","Y",219.88,NA
"VCIF","Y",107.85,NA
"VCRA","Y",1230,31.88
"VCV","Y",627.99,NA
"VEC","Y",604.81,11.36
"VEDL","Y",10860,319.83
"VEEV","Y",41570,135.63
"VER","Y",9410,217.74
"VET","Y",1090,154.05
"VFC","Y",32610,362.86
"VGI","Y",137.05,NA
"VGM","Y",749.94,NA
"VGR","Y",2190,127.12
"VHI","Y",682.72,2.39
"VICI","Y",18600,535.74
"VIPS","Y",19160,545.08
"VIST","Y",234.56,59.85
"VIV","Y",13340,412.82
"VKQ","Y",737.42,NA
"VLO","Y",28520,406.31
"VLRS","Y",1650,97.93
"VLT","Y",90.86,NA
"VMC","Y",23320,131.76
"VMI","Y",4900,20.74
"VMO","Y",906.72,NA
"VMW","Y",69500,80.45
"VNCE","Y",133.84,3.03
"VNE","Y",2840,111.18
"VNO","Y",8680,175.49
"VNTR","Y",520.86,54.05
"VOYA","Y",8250,120.59
"VPG","Y",417.62,13.31
"VPV","Y",312.64,NA
"VRS","Y",532.89,27.63
"VRTV","Y",697.23,13.96
"VSH","Y",3760,143.87
"VST","Y",8660,479.9
"VSTO","Y",1990,57.16
"VTA","Y",727.42,NA
"VTN","Y",256.91,NA
"VTR","Y",20640,372.79
"VVI","Y",827.83,20.07
"VVR","Y",647.32,NA
"VVV","Y",5100,180.71
"VZ","Y",239220,4140
"W","Y",32650,68.77
"WAB","Y",15390,180.09
"WAL","Y",9790,97.36
"WALA","Y",NA,NA
"WAT","Y",18530,61.68
"WBAI","Y",808.83,20.01
"WBK","Y",71740,3490
"WBS","Y",4800,89.32
"WBT","Y",2190,140.82
"WCC","Y",4200,37.09
"WCN","Y",30270,262.35
"WD","Y",3340,28.74
"WDR","Y",1550,60.22
"WEA","Y",165.37,NA
"WEC","Y",30230,314.85
"WEI","Y",80.45,35.39
"WELL","Y",31480,416.7
"WES","Y",8010,201
"WEX","Y",9960,43.27
"WF","Y",6610,96.97
"WFC","Y",174790,4120
"WGO","Y",2600,32.29
"WH","Y",6850,91.4
"WHD","Y",2200,47.36
"WHG","Y",139.19,7.48
"WHR","Y",14520,62.69
"WIA","Y",304.36,NA
"WIT","Y",31330,1410
"WIW","Y",767.25,NA
"WK","Y",4780,36.12
"WLK","Y",12140,33.41
"WLKP","Y",915.01,20.64
"WLL","Y",1460,38.01
"WM","Y",56510,421.78
"WMB","Y",29050,1210
"WMC","Y",184.89,60.31
"WMK","Y",1440,16.3
"WMS","Y",7820,56.17
"WMT","Y",392310,58.45
"WNC","Y",968.61,51.15
"WNS","Y",3640,25.35
"WOR","Y",3480,32.93
"WORK","Y",24490,495.28
"WOW","Y",1150,51.48
"WPC","Y",12930,173.5
"WPG","Y",52.97,20.59
"WPM","Y",18980,448.2
"WPP","Y",16230,NA
"WRB","Y",14230,135.59
"WRE","Y",1930,81.42
"WRI","Y",3960,119.04
"WRK","Y",14010,260
"WSM","Y",12710,75.79
"WSO","Y",10740,33.35
"WSR","Y",412.89,39.35
"WST","Y",23180,73.49
"WTI","Y",471.13,92.2
"WTM","Y",3660,3.02
"WTS","Y",4030,27.1
"WTTR","Y",519.51,58.72
"WU","Y",10680,409.06
"WWE","Y",4360,44.82
"WWW","Y",3180,79.9
"WY","Y",28510,744.88
"WYND","Y",NA,NA
"X","Y",6000,260.81
"XAN","Y",NA,NA
"XEC","Y",6550,99.83
"XFLT","Y",155.71,NA
"XHR","Y",2110,112.58
"XIN","Y",158.3,29.94
"XOM","Y",240460,4220
"XPO","Y",15000,83.95
"XRX","Y",4810,187.86
"XYF","Y",191.38,6.75
"XYL","Y",19380,178.37
"Y","Y",9390,13.67
"YELP","Y",3000,70.79
"YETI","Y",7230,78.27
"YEXT","Y",1800,109.42
"YPF","Y",2460,173.18
"YRD","Y",335.07,10.3
"YUM","Y",35010,297
"YUMC","Y",24900,418.29
"ZBH","Y",35920,207.09
"ZEN","Y",17610,116.01
"ZNH","Y",14520,30.82
"ZTO","Y",25720,642.97
"ZTR","Y",454.81,NA
"ZTS","Y",78810,474.33
"ZUO","Y",2050,107.22
